3/21/2020 4:25,322
3/21/2020 4:26,322
3/21/2020 4:27,322
3/21/2020 4:39,322
3/21/2020 4:40,322
3/21/2020 4:45,322
3/21/2020 4:48,322
3/21/2020 4:49,322
3/21/2020 5:15,322
3/21/2020 6:00,322
3/21/2020 6:48,322
3/21/2020 7:20,322
3/21/2020 8:56,322
3/21/2020 11:19,322
3/21/2020 11:24,322
2020-03-21 12:41:34,411
2020-03-21 13:10:20,411
2020-03-21 13:40:15,411
2020-03-21 14:10:15,411
2020-03-21 14:40:14,411
2020-03-21 15:10:18,411
2020-03-21 15:21:06,411
2020-03-21 15:23:39,411
2020-03-21 15:24:00,411
2020-03-21 15:31:35,411
2020-03-21 15:40:14,411
2020-03-21 16:10:14,411
2020-03-21 16:40:14,411
2020-03-21 17:10:20,411
2020-03-21 17:40:15,411
2020-03-21 18:10:15,411
2020-03-21 18:40:13,411
2020-03-21 20:15:54,411
2020-03-21 20:47:44,411
2020-03-22 00:00:52,411
2020-03-22 00:02:55,411
2020-03-22 00:05:35,411
2020-03-22 00:07:40,411
2020-03-22 00:08:20,411
2020-03-22 09:31:23,411
2020-03-22 09:34:16,411
2020-03-22 10:34:19,411
2020-03-22 11:34:18,411
2020-03-22 11:48:56,411
2020-03-22 12:34:18,411
2020-03-22 13:17:59,599
2020-03-22 13:34:15,599
2020-03-22 13:58:15,599
2020-03-22 14:00:57,599
2020-03-22 14:02:20,599
2020-03-22 14:34:15,599
2020-03-22 16:00:11,599
2020-03-22 17:00:14,599
2020-03-23 09:47:01,599
2020-03-23 09:49:40,599
2020-03-23 09:54:59,599
2020-03-23 09:56:59,599
2020-03-23 09:57:22,599
2020-03-23 09:58:54,599
2020-03-23 09:59:48,599
2020-03-23 10:08:23,599
2020-03-23 10:30:34,599
2020-03-23 11:30:37,721
2020-03-23 12:30:35,721
2020-03-23 13:30:34,721
2020-03-23 14:30:37,721
2020-03-23 15:30:35,721
2020-03-23 15:50:12,721
2020-03-23 15:50:26,721
2020-03-24 06:30:11,721
2020-03-24 07:00:09,721
2020-03-24 07:30:10,721
2020-03-24 08:00:09,721
2020-03-24 08:30:11,721
2020-03-24 09:00:09,721
2020-03-24 09:30:08,721
2020-03-24 10:00:09,721
2020-03-24 10:30:10,827
2020-03-24 11:00:08,827
2020-03-24 11:30:08,827
2020-03-24 12:00:08,827
2020-03-24 13:00:09,827
2020-03-24 13:30:09,827
2020-03-25 06:11:52,827
2020-03-25 06:12:24,827
2020-03-25 06:22:26,827
2020-03-25 06:30:11,827
2020-03-25 08:00:12,827
2020-03-25 08:30:24,827
2020-03-25 09:00:12,827
2020-03-25 09:30:14,827
2020-03-25 10:00:12,827
2020-03-25 10:30:25,00
2020-03-25 11:00:16,827
2020-03-25 12:00:17,934
2020-03-26 07:30:11,934
2020-03-26 08:00:09,934
2020-03-26 08:30:11,934
2020-03-26 09:00:10,934
2020-03-26 09:30:10,934
2020-03-26 10:00:13,934
2020-03-26 10:30:09,934
2020-03-26 16:33:01,1045
2020-03-26 17:00:32,00
2020-03-26 18:00:34,1045
2020-03-26 19:00:17,1045
2020-03-26 21:00:19,00
2020-03-27 00:43:03,1045
2020-03-27 00:55:06,1045
2020-03-27 00:56:13,1045
2020-03-27 00:56:23,1045
2020-03-27 00:56:33,1045
2020-03-27 00:56:43,1045
2020-03-27 00:57:01,1045
2020-03-27 00:57:44,1045
2020-03-27 00:58:03,1045
2020-03-27 00:59:14,1045
2020-03-27 01:00:15,1045
2020-03-27 01:13:06,1045
2020-03-27 01:30:12,1045
2020-03-27 02:00:19,1045
2020-03-27 02:31:31,1045
2020-03-27 07:30:18,1045
2020-03-27 08:30:19,1045
2020-03-27 09:00:12,1045
2020-03-27 09:30:12,1045
2020-03-27 10:00:13,1045
2020-03-27 10:30:14,1045
2020-03-27 10:47:33,1045
2020-03-27 11:46:04,1136
